Date,NAO_index
1825-01-01,-0.226
1825-02-01,0.211
1825-03-01,0.327
1825-04-01,-0.276
1825-05-01,0.131
1825-06-01,0.41
1825-07-01,-0.919
1825-08-01,1.43
1825-09-01,-0.947
1825-10-01,1.981
1825-11-01,1.059
1825-12-01,-1.305
1826-01-01,-3.049
1826-02-01,4.875
1826-03-01,-0.975
1826-04-01,1.782
1826-05-01,-1.204
1826-06-01,0.835
1826-07-01,1.887
1826-08-01,2.717
1826-09-01,-0.755
1826-10-01,0.183
1826-11-01,-2.411
1826-12-01,-0.591
1827-01-01,-0.447
1827-02-01,-3.717
1827-03-01,1.834
1827-04-01,-0.827
1827-05-01,1.196
1827-06-01,-0.075
1827-07-01,2.022
1827-08-01,-3.558
1827-09-01,-0.075
1827-10-01,-3.016
1827-11-01,-1.417
1827-12-01,2.702
1828-01-01,1.268
1828-02-01,0.365
1828-03-01,-0.183
1828-04-01,0.042
1828-05-01,-1.589
1828-06-01,-1.33
1828-07-01,-4.401
1828-08-01,-2.543
1828-09-01,-2.781
1828-10-01,0.101
1828-11-01,-2.571
1828-12-01,3.04
1829-01-01,-2.481
1829-02-01,0.319
1829-03-01,-2.536
1829-04-01,0.123
1829-05-01,1.799
1829-06-01,-0.096
1829-07-01,0.333
1829-08-01,0.773
1829-09-01,0.777
1829-10-01,0.709
1829-11-01,-0.332
1829-12-01,-0.425
1830-01-01,-2.329
1830-02-01,1.197
1830-03-01,3.58
1830-04-01,3.08
1830-05-01,-0.046
1830-06-01,-0.849
1830-07-01,3.191
1830-08-01,-0.353
1830-09-01,2.039
1830-10-01,2.04
1830-11-01,2.192
1830-12-01,-3.13
1831-01-01,-2.908
1831-02-01,1.401
1831-03-01,1.484
1831-04-01,-3.148
1831-05-01,-2.475
1831-06-01,-1.357
1831-07-01,2.71
1831-08-01,-3.045
1831-09-01,-1.531
1831-10-01,0.847
1831-11-01,0.256
1831-12-01,0.365
1832-01-01,-0.038
1832-02-01,0.828
1832-03-01,2.118
1832-04-01,-1.513
1832-05-01,-1.964
1832-06-01,-3.618
1832-07-01,-2.568
1832-08-01,0.921
1832-09-01,1.452
1832-10-01,2.252
1832-11-01,0.618
1832-12-01,3.322
1833-01-01,-0.357
1833-02-01,2.522
1833-03-01,-2.887
1833-04-01,2.016
1833-05-01,0.692
1833-06-01,-1.523
1833-07-01,0.127
1833-08-01,-1.738
1833-09-01,-0.93
1833-10-01,-1.745
1833-11-01,1.404
1833-12-01,4.174
1834-01-01,3.068
1834-02-01,2.662
1834-03-01,1.37
1834-04-01,-2.38
1834-05-01,-1.027
1834-06-01,0.272
1834-07-01,-0.728
1834-08-01,-0.86
1834-09-01,-0.621
1834-10-01,0.304
1834-11-01,-2.284
1834-12-01,0.111
1835-01-01,0.375
1835-02-01,3.371
1835-03-01,1.539
1835-04-01,-1.024
1835-05-01,0.581
1835-06-01,0.102
1835-07-01,0.571
1835-08-01,2.349
1835-09-01,0.288
1835-10-01,-0.297
1835-11-01,-1.311
1835-12-01,-1.464
1836-01-01,1.468
1836-02-01,0.055
1836-03-01,2.278
1836-04-01,0.874
1836-05-01,-1.504
1836-06-01,2.947
1836-07-01,4.327
1836-08-01,2.798
1836-09-01,-1.587
1836-10-01,-1.167
1836-11-01,2.039
1836-12-01,-1.412
1837-01-01,-1.156
1837-02-01,4.67
1837-03-01,-3.077
1837-04-01,-0.56
1837-05-01,-1.022
1837-06-01,-2.98
1837-07-01,-2.398
1837-08-01,0.006
1837-09-01,0.169
1837-10-01,2.517
1837-11-01,1.342
1837-12-01,1.365
1838-01-01,-2.16
1838-02-01,-1.805
1838-03-01,1.231
1838-04-01,-0.612
1838-05-01,-2.156
1838-06-01,1.237
1838-07-01,0.11
1838-08-01,1.156
1838-09-01,1.46
1838-10-01,0.588
1838-11-01,-2.646
1838-12-01,2.552
1839-01-01,1.243
1839-02-01,4.197
1839-03-01,0.788
1839-04-01,1.405
1839-05-01,-0.939
1839-06-01,0.01
1839-07-01,1.136
1839-08-01,0.04
1839-09-01,1.09
1839-10-01,-1.274
1839-11-01,-2.895
1839-12-01,-0.628
1840-01-01,2.97
1840-02-01,-0.399
1840-03-01,-3.055
1840-04-01,0.87
1840-05-01,-0.575
1840-06-01,-0.085
1840-07-01,1.227
1840-08-01,0.048
1840-09-01,0.458
1840-10-01,-2.497
1840-11-01,0.458
1840-12-01,-2.431
1841-01-01,-0.706
1841-02-01,-1.372
1841-03-01,2.406
1841-04-01,1.971
1841-05-01,1.649
1841-06-01,-0.614
1841-07-01,-0.625
1841-08-01,2.386
1841-09-01,-2.765
1841-10-01,-2.133
1841-11-01,1.757
1841-12-01,0.213
1842-01-01,2.448
1842-02-01,4.261
1842-03-01,3.426
1842-04-01,-0.436
1842-05-01,-0.849
1842-06-01,-4.301
1842-07-01,-4.047
1842-08-01,1.028
1842-09-01,-3.799
1842-10-01,-3.731
1842-11-01,-2.665
1842-12-01,0.507
1843-01-01,2.986
1843-02-01,-3.505
1843-03-01,-1.285
1843-04-01,2.025
1843-05-01,-0.491
1843-06-01,-1.925
1843-07-01,3.262
1843-08-01,3.99
1843-09-01,-0.583
1843-10-01,-1.898
1843-11-01,0.871
1843-12-01,3.128
1844-01-01,0.201
1844-02-01,0.112
1844-03-01,1.093
1844-04-01,3.914
1844-05-01,-2.765
1844-06-01,-0.123
1844-07-01,0.365
1844-08-01,-1.002
1844-09-01,-1.535
1844-10-01,-0.99
1844-11-01,-0.019
1844-12-01,-1.901
1845-01-01,1.171
1845-02-01,0.058
1845-03-01,-0.539
1845-04-01,0.564
1845-05-01,-0.973
1845-06-01,2.065
1845-07-01,-0.164
1845-08-01,-0.291
1845-09-01,-0.229
1845-10-01,1.142
1845-11-01,0.487
1845-12-01,0.828
1846-01-01,2.263
1846-02-01,0.631
1846-03-01,1.752
1846-04-01,-1.417
1846-05-01,0.192
1846-06-01,1.447
1846-07-01,2.837
1846-08-01,-0.298
1846-09-01,-1.184
1846-10-01,0.008
1846-11-01,-0.594
1846-12-01,-2.546
1847-01-01,0.031
1847-02-01,0.099
1847-03-01,-1.585
1847-04-01,1.17
1847-05-01,1.763
1847-06-01,-0.26
1847-07-01,0.746
1847-08-01,1.129
1847-09-01,-0.324
1847-10-01,0.445
1847-11-01,2.459
1847-12-01,1.76
1848-01-01,-0.792
1848-02-01,1.77
1848-03-01,0.757
1848-04-01,-1.023
1848-05-01,0.691
1848-06-01,-1.78
1848-07-01,1.867
1848-08-01,2.641
1848-09-01,-2.546
1848-10-01,-2.436
1848-11-01,-0.842
1848-12-01,2.548
1849-01-01,2.419
1849-02-01,2.767
1849-03-01,-0.562
1849-04-01,-0.99
1849-05-01,-0.517
1849-06-01,-3.21
1849-07-01,1.203
1849-08-01,0.701
1849-09-01,-2.234
1849-10-01,-0.078
1849-11-01,0.802
1849-12-01,-1.238
1850-01-01,-0.163
1850-02-01,4.134
1850-03-01,-2.216
1850-04-01,0.965
1850-05-01,-1.157
1850-06-01,0.403
1850-07-01,0.305
1850-08-01,0.148
1850-09-01,-2.077
1850-10-01,-2.701
1850-11-01,2.39
1850-12-01,2.358
1851-01-01,3.293
1851-02-01,1.028
1851-03-01,1.504
1851-04-01,-1.658
1851-05-01,-1.534
1851-06-01,-1.621
1851-07-01,-5.395
1851-08-01,4.679
1851-09-01,1.852
1851-10-01,0.777
1851-11-01,-1.769
1851-12-01,1.742
1852-01-01,1.464
1852-02-01,0.411
1852-03-01,-2.502
1852-04-01,-1.597
1852-05-01,0.245
1852-06-01,0.093
1852-07-01,-1.134
1852-08-01,2.943
1852-09-01,-2.021
1852-10-01,-1.646
1852-11-01,-0.93
1852-12-01,1.029
1853-01-01,1.308
1853-02-01,-4.038
1853-03-01,-0.321
1853-04-01,0.764
1853-05-01,-3.173
1853-06-01,1.09
1853-07-01,1.76
1853-08-01,-2.362
1853-09-01,-0.222
1853-10-01,-0.471
1853-11-01,0.51
1853-12-01,-4.284
1854-01-01,1.276
1854-02-01,1.724
1854-03-01,2.673
1854-04-01,0.88
1854-05-01,0.041
1854-06-01,-0.058
1854-07-01,-1.917
1854-08-01,-0.033
1854-09-01,2.621
1854-10-01,1.111
1854-11-01,-1.563
1854-12-01,2.421
1855-01-01,-1.841
1855-02-01,-3.805
1855-03-01,-0.05
1855-04-01,0.985
1855-05-01,-2.283
1855-06-01,0.783
1855-07-01,-2.613
1855-08-01,3.814
1855-09-01,0.792
1855-10-01,-1.087
1855-11-01,-2.418
1855-12-01,-1.661
1856-01-01,-1.251
1856-02-01,-0.102
1856-03-01,-2.266
1856-04-01,2.002
1856-05-01,-0.703
1856-06-01,2.033
1856-07-01,-0.156
1856-08-01,-0.439
1856-09-01,-0.504
1856-10-01,1.122
1856-11-01,-1.695
1856-12-01,-0.225
1857-01-01,-0.695
1857-02-01,2.017
1857-03-01,1.088
1857-04-01,0.554
1857-05-01,-0.17
1857-06-01,-0.328
1857-07-01,5.361
1857-08-01,1.016
1857-09-01,1.213
1857-10-01,-0.2
1857-11-01,-1.678
1857-12-01,3.51
1858-01-01,2.263
1858-02-01,-0.544
1858-03-01,-1.236
1858-04-01,1.236
1858-05-01,0.53
1858-06-01,-0.24
1858-07-01,-1.579
1858-08-01,0.059
1858-09-01,2.327
1858-10-01,-1.863
1858-11-01,-4.413
1858-12-01,3.005
1859-01-01,2.736
1859-02-01,2.37
1859-03-01,1.501
1859-04-01,-1.121
1859-05-01,-0.632
1859-06-01,-0.058
1859-07-01,2.237
1859-08-01,1.816
1859-09-01,0.114
1859-10-01,-2.611
1859-11-01,0.291
1859-12-01,-1.306
1860-01-01,1.541
1860-02-01,0.316
1860-03-01,1.083
1860-04-01,-0.37
1860-05-01,-1.511
1860-06-01,-2.319
1860-07-01,-2.275
1860-08-01,-0.155
1860-09-01,-0.919
1860-10-01,2.282
1860-11-01,-3.44
1860-12-01,-2.144
1861-01-01,-0.56
1861-02-01,0.804
1861-03-01,2.06
1861-04-01,-1.86
1861-05-01,-1.986
1861-06-01,-1.044
1861-07-01,0.73
1861-08-01,2.913
1861-09-01,-0.848
1861-10-01,-0.797
1861-11-01,-1.35
1861-12-01,-1.495
1862-01-01,1.149
1862-02-01,-1.259
1862-03-01,-2.254
1862-04-01,0.643
1862-05-01,0.648
1862-06-01,-0.218
1862-07-01,-2.084
1862-08-01,-1.434
1862-09-01,-1.501
1862-10-01,1.753
1862-11-01,-0.493
1862-12-01,2.918
1863-01-01,1.119
1863-02-01,3.097
1863-03-01,1.882
1863-04-01,2.354
1863-05-01,-1.489
1863-06-01,-0.586
1863-07-01,-0.426
1863-08-01,0.103
1863-09-01,2.465
1863-10-01,-0.592
1863-11-01,1.623
1863-12-01,2.174
1864-01-01,2.028
1864-02-01,-0.271
1864-03-01,-1.778
1864-04-01,0.235
1864-05-01,-1.832
1864-06-01,1.762
1864-07-01,0.504
1864-08-01,-0.209
1864-09-01,1.119
1864-10-01,-6.053
1864-11-01,0.006
1864-12-01,-0.765
1865-01-01,0.146
1865-02-01,-0.418
1865-03-01,-1.032
1865-04-01,0.921
1865-05-01,0.867
1865-06-01,0.738
1865-07-01,-0.072
1865-08-01,-0.221
1865-09-01,3.239
1865-10-01,-2.656
1865-11-01,-0.139
1865-12-01,2.574
1866-01-01,2.055
1866-02-01,0.702
1866-03-01,-2.103
1866-04-01,-0.876
1866-05-01,-1.539
1866-06-01,-0.185
1866-07-01,0.285
1866-08-01,0.771
1866-09-01,1.522
1866-10-01,-0.028
1866-11-01,1.012
1866-12-01,2.135
1867-01-01,-2.168
1867-02-01,3.635
1867-03-01,-3.027
1867-04-01,3.077
1867-05-01,-2.346
1867-06-01,-1.2
1867-07-01,-1.773
1867-08-01,3.1
1867-09-01,1.133
1867-10-01,0.733
1867-11-01,-1.512
1867-12-01,-0.551
1868-01-01,1.456
1868-02-01,3.954
1868-03-01,2.94
1868-04-01,2.515
1868-05-01,1.346
1868-06-01,2.101
1868-07-01,1.207
1868-08-01,3.016
1868-09-01,-2.653
1868-10-01,1.873
1868-11-01,-0.833
1868-12-01,2.014
1869-01-01,3.249
1869-02-01,3.9
1869-03-01,-1.911
1869-04-01,2.618
1869-05-01,-1.985
1869-06-01,-0.711
1869-07-01,0.289
1869-08-01,1.146
1869-09-01,0.621
1869-10-01,-0.794
1869-11-01,0.792
1869-12-01,-0.692
1870-01-01,0.319
1870-02-01,-1.978
1870-03-01,-2.072
1870-04-01,2.918
1870-05-01,1.546
1870-06-01,0.56
1870-07-01,-0.363
1870-08-01,-3.409
1870-09-01,1.711
1870-10-01,1.298
1870-11-01,-2.04
1870-12-01,-3.519
1871-01-01,0.674
1871-02-01,1.708
1871-03-01,1.148
1871-04-01,-0.316
1871-05-01,-2.499
1871-06-01,-1.366
1871-07-01,1.752
1871-08-01,4.191
1871-09-01,-1.933
1871-10-01,-0.895
1871-11-01,-3.717
1871-12-01,-0.182
1872-01-01,1.151
1872-02-01,0.449
1872-03-01,-1.199
1872-04-01,-0.728
1872-05-01,0.017
1872-06-01,-0.345
1872-07-01,-3.606
1872-08-01,-1.425
1872-09-01,-2.53
1872-10-01,-0.911
1872-11-01,0.667
1872-12-01,-1.089
1873-01-01,2.298
1873-02-01,0.176
1873-03-01,-0.391
1873-04-01,-2.169
1873-05-01,-0.925
1873-06-01,0.78
1873-07-01,-0.124
1873-08-01,3.438
1873-09-01,-0.571
1873-10-01,-0.815
1873-11-01,-2.23
1873-12-01,2.009
1874-01-01,1.564
1874-02-01,2.071
1874-03-01,1.466
1874-04-01,2.991
1874-05-01,-1.85
1874-06-01,-0.761
1874-07-01,0.178
1874-08-01,0.821
1874-09-01,0.738
1874-10-01,0.863
1874-11-01,-0.343
1874-12-01,-2.122
1875-01-01,2.06
1875-02-01,-1.467
1875-03-01,-0.614
1875-04-01,-0.405
1875-05-01,0.893
1875-06-01,1.456
1875-07-01,-1.44
1875-08-01,1.707
1875-09-01,-0.014
1875-10-01,-0.755
1875-11-01,-2.8
1875-12-01,0.076
1876-01-01,1.097
1876-02-01,0.747
1876-03-01,-0.29
1876-04-01,-0.673
1876-05-01,-1.452
1876-06-01,1.705
1876-07-01,3.481
1876-08-01,1.016
1876-09-01,-2.615
1876-10-01,-2.192
1876-11-01,-2.348
1876-12-01,-1.129
1877-01-01,2.389
1877-02-01,1.959
1877-03-01,-0.446
1877-04-01,-2.3
1877-05-01,-1.732
1877-06-01,-0.318
1877-07-01,1.176
1877-08-01,-1.834
1877-09-01,-3.735
1877-10-01,1.252
1877-11-01,2.062
1877-12-01,2.159
1878-01-01,1.18
1878-02-01,2.202
1878-03-01,-0.007
1878-04-01,0.447
1878-05-01,0.278
1878-06-01,-1.542
1878-07-01,-1.933
1878-08-01,-2.459
1878-09-01,-0.946
1878-10-01,-1.436
1878-11-01,-3.475
1878-12-01,-3.31
1879-01-01,-0.707
1879-02-01,0.855
1879-03-01,-0.083
1879-04-01,0.099
1879-05-01,0.631
1879-06-01,-0.495
1879-07-01,-1.567
1879-08-01,-0.288
1879-09-01,1.901
1879-10-01,-1.879
1879-11-01,-3.375
1879-12-01,0.579
1880-01-01,0.419
1880-02-01,1.915
1880-03-01,0.063
1880-04-01,1.658
1880-05-01,-1.785
1880-06-01,0.453
1880-07-01,-1.897
1880-08-01,-0.426
1880-09-01,0.924
1880-10-01,-3.203
1880-11-01,1.193
1880-12-01,0.521
1881-01-01,-3.597
1881-02-01,-1.616
1881-03-01,-0.51
1881-04-01,-1.424
1881-05-01,0.823
1881-06-01,0.005
1881-07-01,2.098
1881-08-01,0.424
1881-09-01,-0.248
1881-10-01,-2.038
1881-11-01,4.337
1881-12-01,2.771
1882-01-01,3.066
1882-02-01,3.196
1882-03-01,3.608
1882-04-01,-0.425
1882-05-01,-0.677
1882-06-01,-0.641
1882-07-01,1.597
1882-08-01,2.055
1882-09-01,0.396
1882-10-01,0.652
1882-11-01,2.006
1882-12-01,-1.694
1883-01-01,1.668
1883-02-01,4.252
1883-03-01,-3.043
1883-04-01,0.879
1883-05-01,-0.537
1883-06-01,-1.745
1883-07-01,-2.247
1883-08-01,3.005
1883-09-01,0.469
1883-10-01,1.683
1883-11-01,2.362
1883-12-01,0.906
1884-01-01,3.323
1884-02-01,1.476
1884-03-01,0.193
1884-04-01,-2.364
1884-05-01,-0.17
1884-06-01,0.5
1884-07-01,-0.804
1884-08-01,2.164
1884-09-01,1.602
1884-10-01,0.272
1884-11-01,-1.157
1884-12-01,1.941
1885-01-01,-0.803
1885-02-01,0.091
1885-03-01,-1.063
1885-04-01,0.358
1885-05-01,0.323
1885-06-01,1.592
1885-07-01,3.072
1885-08-01,-1.025
1885-09-01,1.403
1885-10-01,-0.839
1885-11-01,-0.76
1885-12-01,-0.026
1886-01-01,-1.406
1886-02-01,-0.386
1886-03-01,0.563
1886-04-01,-1.374
1886-05-01,-0.666
1886-06-01,-1.17
1886-07-01,-1.587
1886-08-01,2.429
1886-09-01,-0.341
1886-10-01,-0.547
1886-11-01,0.548
1886-12-01,0.124
1887-01-01,1.898
1887-02-01,2.027
1887-03-01,-0.847
1887-04-01,-2.107
1887-05-01,0.437
1887-06-01,0.058
1887-07-01,0.579
1887-08-01,-1.191
1887-09-01,-2.56
1887-10-01,-1.141
1887-11-01,-3.255
1887-12-01,-1.625
1888-01-01,0.206
1888-02-01,-2.251
1888-03-01,-1.495
1888-04-01,-2.247
1888-05-01,0.966
1888-06-01,-1.699
1888-07-01,-0.005
1888-08-01,3.999
1888-09-01,-0.417
1888-10-01,-0.89
1888-11-01,2.699
1888-12-01,1.248
1889-01-01,0.65
1889-02-01,-0.198
1889-03-01,0.114
1889-04-01,1.051
1889-05-01,-0.391
1889-06-01,1.891
1889-07-01,-1.03
1889-08-01,3.777
1889-09-01,-1.983
1889-10-01,-1.228
1889-11-01,2.696
1889-12-01,2.303
1890-01-01,4.323
1890-02-01,-1.366
1890-03-01,0.498
1890-04-01,-0.081
1890-05-01,-1.143
1890-06-01,1.231
1890-07-01,0.297
1890-08-01,0.99
1890-09-01,2.498
1890-10-01,0.852
1890-11-01,1.898
1890-12-01,-2.746
1891-01-01,0.275
1891-02-01,2.807
1891-03-01,-1.172
1891-04-01,-0.924
1891-05-01,-1.775
1891-06-01,-3.741
1891-07-01,-0.541
1891-08-01,2.224
1891-09-01,2.289
1891-10-01,-0.46
1891-11-01,-1.533
1891-12-01,2.858
1892-01-01,-0.774
1892-02-01,-2.215
1892-03-01,-1.533
1892-04-01,-1.145
1892-05-01,-0.568
1892-06-01,-0.471
1892-07-01,0.182
1892-08-01,1.155
1892-09-01,1.612
1892-10-01,-3.684
1892-11-01,0.812
1892-12-01,-1.054
1893-01-01,-1.61
1893-02-01,2.541
1893-03-01,-0.037
1893-04-01,0.038
1893-05-01,0.367
1893-06-01,-0.56
1893-07-01,-1.499
1893-08-01,0.476
1893-09-01,-0.968
1893-10-01,0.316
1893-11-01,-2.156
1893-12-01,1.861
1894-01-01,1.396
1894-02-01,3.949
1894-03-01,1.122
1894-04-01,1.98
1894-05-01,-1.379
1894-06-01,2.778
1894-07-01,1.176
1894-08-01,0.905
1894-09-01,-2.194
1894-10-01,-2.245
1894-11-01,1.958
1894-12-01,0.936
1895-01-01,-2.61
1895-02-01,-4.137
1895-03-01,-0.268
1895-04-01,0.37
1895-05-01,0.512
1895-06-01,-0.197
1895-07-01,1.207
1895-08-01,1.718
1895-09-01,1.154
1895-10-01,-2.529
1895-11-01,1.924
1895-12-01,0.025
1896-01-01,-0.225
1896-02-01,2.331
1896-03-01,1.385
1896-04-01,2.543
1896-05-01,-0.892
1896-06-01,-0.266
1896-07-01,1.231
1896-08-01,-1.021
1896-09-01,0.6
1896-10-01,-2.771
1896-11-01,-0.551
1896-12-01,1.857
1897-01-01,-2.362
1897-02-01,3.323
1897-03-01,2.306
1897-04-01,4.282
1897-05-01,-0.523
1897-06-01,-1.421
1897-07-01,-0.049
1897-08-01,2.488
1897-09-01,1.405
1897-10-01,-0.601
1897-11-01,0.019
1897-12-01,1.349
1898-01-01,1.974
1898-02-01,1.899
1898-03-01,-2.333
1898-04-01,3.463
1898-05-01,-0.531
1898-06-01,-0.843
1898-07-01,-1.527
1898-08-01,3.556
1898-09-01,-0.172
1898-10-01,-1.148
1898-11-01,-1.137
1898-12-01,3.139
1899-01-01,0.678
1899-02-01,-0.17
1899-03-01,-1.498
1899-04-01,0.584
1899-05-01,-1.032
1899-06-01,-0.253
1899-07-01,2.455
1899-08-01,-1.129
1899-09-01,-0.08
1899-10-01,-0.123
1899-11-01,1.942
1899-12-01,-0.871
1900-01-01,1.376
1900-02-01,-2.358
1900-03-01,-3.115
1900-04-01,2.612
1900-05-01,-0.573
1900-06-01,-1.225
1900-07-01,-0.212
1900-08-01,-0.057
1900-09-01,0.982
1900-10-01,-0.569
1900-11-01,0.649
1900-12-01,3.501
1901-01-01,0.981
1901-02-01,-2.576
1901-03-01,-0.907
1901-04-01,2.532
1901-05-01,-0.711
1901-06-01,0.206
1901-07-01,-1.829
1901-08-01,1.139
1901-09-01,-0.089
1901-10-01,-0.469
1901-11-01,-1.729
1901-12-01,-1.38
1902-01-01,1.408
1902-02-01,-1.402
1902-03-01,0.501
1902-04-01,-1.137
1902-05-01,0.544
1902-06-01,-3.254
1902-07-01,-1.245
1902-08-01,-0.179
1902-09-01,-1.509
1902-10-01,-0.123
1902-11-01,-0.087
1902-12-01,1.272
1903-01-01,1.284
1903-02-01,4.865
1903-03-01,4.046
1903-04-01,-0.788
1903-05-01,0.137
1903-06-01,-2.802
1903-07-01,0.428
1903-08-01,3.675
1903-09-01,0.216
1903-10-01,-0.553
1903-11-01,1.042
1903-12-01,-1.091
1904-01-01,2.235
1904-02-01,1.208
1904-03-01,-0.699
1904-04-01,2.644
1904-05-01,1.753
1904-06-01,-0.874
1904-07-01,-0.045
1904-08-01,0.615
1904-09-01,-0.428
1904-10-01,0.038
1904-11-01,0.071
1904-12-01,0.885
1905-01-01,1.806
1905-02-01,2.087
1905-03-01,2.225
1905-04-01,-1.173
1905-05-01,-0.721
1905-06-01,-2.286
1905-07-01,-0.053
1905-08-01,0.967
1905-09-01,-0.186
1905-10-01,-3.101
1905-11-01,-0.253
1905-12-01,1.848
1906-01-01,2.638
1906-02-01,1.256
1906-03-01,-0.25
1906-04-01,1.665
1906-05-01,-1.746
1906-06-01,-1.677
1906-07-01,1.287
1906-08-01,0.384
1906-09-01,-1.331
1906-10-01,0.403
1906-11-01,0.7
1906-12-01,0.03
1907-01-01,1.584
1907-02-01,1.223
1907-03-01,2.412
1907-04-01,1.078
1907-05-01,-1.421
1907-06-01,0.763
1907-07-01,-0.549
1907-08-01,2.219
1907-09-01,0.242
1907-10-01,-1.593
1907-11-01,-0.414
1907-12-01,1.182
1908-01-01,0.64
1908-02-01,1.979
1908-03-01,0.736
1908-04-01,-1.754
1908-05-01,1.916
1908-06-01,0.833
1908-07-01,0.095
1908-08-01,0.603
1908-09-01,0.984
1908-10-01,0.241
1908-11-01,-0.209
1908-12-01,1.473
1909-01-01,1.819
1909-02-01,-0.537
1909-03-01,-2.093
1909-04-01,0.055
1909-05-01,-0.924
1909-06-01,-1.352
1909-07-01,2.595
1909-08-01,2.349
1909-09-01,-1.293
1909-10-01,0.591
1909-11-01,-1.965
1909-12-01,-0.484
1910-01-01,2.573
1910-02-01,3.847
1910-03-01,0.549
1910-04-01,0.083
1910-05-01,-1.503
1910-06-01,-1.075
1910-07-01,-1.638
1910-08-01,0.308
1910-09-01,-1.151
1910-10-01,-1.564
1910-11-01,-0.873
1910-12-01,-0.1
1911-01-01,0.824
1911-02-01,2.055
1911-03-01,-1.404
1911-04-01,-0.243
1911-05-01,0.795
1911-06-01,0.418
1911-07-01,0.536
1911-08-01,0.127
1911-09-01,1.531
1911-10-01,-1.884
1911-11-01,-0.053
1911-12-01,3.018
1912-01-01,-0.912
1912-02-01,-0.172
1912-03-01,2.225
1912-04-01,-0.103
1912-05-01,1.699
1912-06-01,-0.982
1912-07-01,-1.416
1912-08-01,0.067
1912-09-01,-2.511
1912-10-01,0.416
1912-11-01,1.213
1912-12-01,2.996
1913-01-01,1.831
1913-02-01,1.194
1913-03-01,2.731
1913-04-01,1.986
1913-05-01,0.376
1913-06-01,1.028
1913-07-01,-0.99
1913-08-01,0.648
1913-09-01,-2.698
1913-10-01,-1.482
1913-11-01,4.623
1913-12-01,1.23
1914-01-01,0.578
1914-02-01,2.455
1914-03-01,1.718
1914-04-01,2.084
1914-05-01,2.19
1914-06-01,0.57
1914-07-01,-1.11
1914-08-01,0.97
1914-09-01,0.429
1914-10-01,-1.103
1914-11-01,-1.408
1914-12-01,2.228
1915-01-01,0.084
1915-02-01,1.825
1915-03-01,-1.907
1915-04-01,2.911
1915-05-01,-2.468
1915-06-01,-2.299
1915-07-01,-1.189
1915-08-01,-1.293
1915-09-01,-1.94
1915-10-01,-0.991
1915-11-01,-2.511
1915-12-01,-0.648
1916-01-01,3.823
1916-02-01,2.026
1916-03-01,-3.84
1916-04-01,0.77
1916-05-01,-0.717
1916-06-01,-3.034
1916-07-01,-0.693
1916-08-01,-0.574
1916-09-01,-2.591
1916-10-01,2.201
1916-11-01,-0.582
1916-12-01,-1.802
1917-01-01,-3.084
1917-02-01,-1.587
1917-03-01,-0.209
1917-04-01,-0.916
1917-05-01,-1.593
1917-06-01,0.808
1917-07-01,-0.211
1917-08-01,-0.39
1917-09-01,2.469
1917-10-01,0.936
1917-11-01,1.979
1917-12-01,-2.797
1918-01-01,-0.484
1918-02-01,3.874
1918-03-01,0.368
1918-04-01,-1.91
1918-05-01,0.231
1918-06-01,1.31
1918-07-01,-1.972
1918-08-01,1.763
1918-09-01,-0.17
1918-10-01,0.56
1918-11-01,0.262
1918-12-01,2.324
1919-01-01,-0.01
1919-02-01,-0.489
1919-03-01,-0.245
1919-04-01,1.717
1919-05-01,1.346
1919-06-01,1.862
1919-07-01,-1.328
1919-08-01,4.028
1919-09-01,-1.269
1919-10-01,-2.235
1919-11-01,-2.069
1919-12-01,2.856
1920-01-01,2.842
1920-02-01,1.393
1920-03-01,3.082
1920-04-01,0.089
1920-05-01,0.763
1920-06-01,-1.616
1920-07-01,1.875
1920-08-01,-1.217
1920-09-01,0.411
1920-10-01,-1.148
1920-11-01,1.479
1920-12-01,-0.462
1921-01-01,3.201
1921-02-01,0.071
1921-03-01,2.682
1921-04-01,-0.091
1921-05-01,-0.645
1921-06-01,-1.602
1921-07-01,-0.41
1921-08-01,-0.646
1921-09-01,-1.432
1921-10-01,-0.218
1921-11-01,-1.224
1921-12-01,2.177
1922-01-01,0.642
1922-02-01,2.975
1922-03-01,-0.227
1922-04-01,0.799
1922-05-01,2.359
1922-06-01,0.789
1922-07-01,1.792
1922-08-01,0.09
1922-09-01,-0.426
1922-10-01,-3.951
1922-11-01,-0.051
1922-12-01,1.473
1923-01-01,1.836
1923-02-01,2.77
1923-03-01,-0.098
1923-04-01,-1.188
1923-05-01,0.354
1923-06-01,0.532
1923-07-01,1.593
1923-08-01,0.729
1923-09-01,2.642
1923-10-01,1.338
1923-11-01,-1.965
1923-12-01,1.252
1924-01-01,0.862
1924-02-01,-1.622
1924-03-01,-1.881
1924-04-01,-0.939
1924-05-01,-0.555
1924-06-01,-2.093
1924-07-01,0.647
1924-08-01,0.549
1924-09-01,0.709
1924-10-01,0.496
1924-11-01,-0.209
1924-12-01,3.863
1925-01-01,4.233
1925-02-01,1.951
1925-03-01,-2.0
1925-04-01,2.585
1925-05-01,1.116
1925-06-01,-2.198
1925-07-01,1.37
1925-08-01,1.43
1925-09-01,-0.656
1925-10-01,-0.978
1925-11-01,-2.601
1925-12-01,-0.721
1926-01-01,1.697
1926-02-01,1.843
1926-03-01,0.564
1926-04-01,2.329
1926-05-01,-1.191
1926-06-01,-1.792
1926-07-01,-0.693
1926-08-01,2.059
1926-09-01,0.92
1926-10-01,-4.158
1926-11-01,0.121
1926-12-01,-0.507
1927-01-01,2.149
1927-02-01,1.095
1927-03-01,2.581
1927-04-01,1.393
1927-05-01,-2.026
1927-06-01,-1.596
1927-07-01,-0.16
1927-08-01,1.599
1927-09-01,-1.774
1927-10-01,-2.039
1927-11-01,-1.255
1927-12-01,-3.135
1928-01-01,3.043
1928-02-01,3.516
1928-03-01,-0.938
1928-04-01,1.09
1928-05-01,-2.901
1928-06-01,-1.892
1928-07-01,2.209
1928-08-01,-1.795
1928-09-01,-1.93
1928-10-01,0.147
1928-11-01,1.681
1928-12-01,0.444
1929-01-01,-1.255
1929-02-01,0.27
1929-03-01,-0.477
1929-04-01,-3.801
1929-05-01,0.669
1929-06-01,-0.058
1929-07-01,0.262
1929-08-01,-0.067
1929-09-01,0.254
1929-10-01,0.29
1929-11-01,2.152
1929-12-01,3.803
1930-01-01,1.506
1930-02-01,-0.6
1930-03-01,-0.698
1930-04-01,-2.132
1930-05-01,1.839
1930-06-01,-0.365
1930-07-01,-1.305
1930-08-01,1.813
1930-09-01,-2.068
1930-10-01,0.89
1930-11-01,1.443
1930-12-01,1.208
1931-01-01,-0.087
1931-02-01,1.287
1931-03-01,-2.183
1931-04-01,-0.081
1931-05-01,-0.62
1931-06-01,-0.96
1931-07-01,-0.132
1931-08-01,-1.804
1931-09-01,-2.729
1931-10-01,-0.108
1931-11-01,2.784
1931-12-01,0.769
1932-01-01,3.47
1932-02-01,-3.307
1932-03-01,-1.566
1932-04-01,0.129
1932-05-01,-0.678
1932-06-01,-1.457
1932-07-01,-0.804
1932-08-01,2.181
1932-09-01,-0.935
1932-10-01,0.051
1932-11-01,0.979
1932-12-01,1.217
1933-01-01,1.414
1933-02-01,-1.806
1933-03-01,1.26
1933-04-01,-0.23
1933-05-01,-0.55
1933-06-01,-1.621
1933-07-01,2.618
1933-08-01,2.651
1933-09-01,-2.03
1933-10-01,-1.991
1933-11-01,-2.969
1933-12-01,-1.842
1934-01-01,3.274
1934-02-01,0.487
1934-03-01,0.301
1934-04-01,-1.672
1934-05-01,1.407
1934-06-01,-2.495
1934-07-01,-1.174
1934-08-01,1.505
1934-09-01,2.496
1934-10-01,0.762
1934-11-01,-1.218
1934-12-01,1.321
1935-01-01,-0.503
1935-02-01,2.699
1935-03-01,0.391
1935-04-01,-0.408
1935-05-01,-3.208
1935-06-01,1.337
1935-07-01,2.03
1935-08-01,-0.555
1935-09-01,0.55
1935-10-01,0.878
1935-11-01,1.127
1935-12-01,-1.372
1936-01-01,-1.225
1936-02-01,-2.438
1936-03-01,-1.095
1936-04-01,-1.541
1936-05-01,-2.336
1936-06-01,0.756
1936-07-01,1.339
1936-08-01,2.672
1936-09-01,-0.815
1936-10-01,0.873
1936-11-01,-0.173
1936-12-01,2.373
1937-01-01,2.145
1937-02-01,1.726
1937-03-01,-2.016
1937-04-01,2.192
1937-05-01,2.314
1937-06-01,0.491
1937-07-01,0.186
1937-08-01,0.278
1937-09-01,-0.172
1937-10-01,-2.413
1937-11-01,-1.555
1937-12-01,-1.094
1938-01-01,2.638
1938-02-01,0.6
1938-03-01,3.135
1938-04-01,-1.681
1938-05-01,-0.348
1938-06-01,0.971
1938-07-01,1.601
1938-08-01,-0.369
1938-09-01,-0.291
1938-10-01,1.878
1938-11-01,3.235
1938-12-01,-0.389
1939-01-01,-0.689
1939-02-01,2.913
1939-03-01,-0.026
1939-04-01,0.185
1939-05-01,-0.905
1939-06-01,-1.397
1939-07-01,-0.442
1939-08-01,0.795
1939-09-01,-3.902
1939-10-01,-2.513
1939-11-01,1.53
1939-12-01,-1.069
1940-01-01,-2.268
1940-02-01,-0.928
1940-03-01,-0.721
1940-04-01,0.532
1940-05-01,-0.255
1940-06-01,-1.199
1940-07-01,-1.209
1940-08-01,0.3
1940-09-01,-1.096
1940-10-01,-1.89
1940-11-01,1.298
1940-12-01,1.455
1941-01-01,-3.5
1941-02-01,-0.419
1941-03-01,-1.288
1941-04-01,-2.948
1941-05-01,-0.543
1941-06-01,0.238
1941-07-01,1.076
1941-08-01,-0.604
1941-09-01,-0.966
1941-10-01,-1.205
1941-11-01,-0.09
1941-12-01,1.439
1942-01-01,0.754
1942-02-01,-3.096
1942-03-01,-0.917
1942-04-01,-0.949
1942-05-01,0.821
1942-06-01,-2.097
1942-07-01,0.146
1942-08-01,0.085
1942-09-01,-0.247
1942-10-01,-0.215
1942-11-01,-2.107
1942-12-01,1.473
1943-01-01,1.167
1943-02-01,2.777
1943-03-01,0.028
1943-04-01,4.257
1943-05-01,2.167
1943-06-01,1.914
1943-07-01,0.055
1943-08-01,-0.178
1943-09-01,-0.65
1943-10-01,0.45
1943-11-01,0.081
1943-12-01,-0.389
1944-01-01,3.634
1944-02-01,-1.59
1944-03-01,-0.822
1944-04-01,1.299
1944-05-01,0.422
1944-06-01,-2.776
1944-07-01,-2.159
1944-08-01,0.151
1944-09-01,0.358
1944-10-01,-0.831
1944-11-01,0.814
1944-12-01,0.259
1945-01-01,-2.121
1945-02-01,4.675
1945-03-01,2.508
1945-04-01,1.149
1945-05-01,-0.839
1945-06-01,0.367
1945-07-01,-0.398
1945-08-01,-1.827
1945-09-01,1.396
1945-10-01,-0.224
1945-11-01,-1.823
1945-12-01,-0.249
1946-01-01,1.409
1946-02-01,0.994
1946-03-01,-0.39
1946-04-01,0.648
1946-05-01,-2.703
1946-06-01,2.556
1946-07-01,2.658
1946-08-01,0.617
1946-09-01,1.979
1946-10-01,-2.039
1946-11-01,-1.256
1946-12-01,1.217
1947-01-01,0.386
1947-02-01,-4.598
1947-03-01,-1.279
1947-04-01,6.659
1947-05-01,-1.203
1947-06-01,0.2
1947-07-01,0.186
1947-08-01,-1.08
1947-09-01,1.178
1947-10-01,-0.506
1947-11-01,-0.248
1947-12-01,-0.717
1948-01-01,1.534
1948-02-01,0.658
1948-03-01,3.481
1948-04-01,-0.475
1948-05-01,-1.231
1948-06-01,-0.266
1948-07-01,0.591
1948-08-01,0.337
1948-09-01,0.823
1948-10-01,0.433
1948-11-01,2.638
1948-12-01,1.093
1949-01-01,1.496
1949-02-01,4.011
1949-03-01,-0.957
1949-04-01,3.407
1949-05-01,-1.395
1949-06-01,-1.507
1949-07-01,-0.935
1949-08-01,1.385
1949-09-01,-1.809
1949-10-01,1.377
1949-11-01,0.541
1949-12-01,0.111
1950-01-01,0.549
1950-02-01,3.306
1950-03-01,0.815
1950-04-01,1.605
1950-05-01,-1.731
1950-06-01,1.262
1950-07-01,-0.872
1950-08-01,-0.275
1950-09-01,1.508
1950-10-01,0.781
1950-11-01,0.781
1950-12-01,-1.882
1951-01-01,0.818
1951-02-01,0.93
1951-03-01,-2.012
1951-04-01,-0.451
1951-05-01,-2.114
1951-06-01,-1.161
1951-07-01,1.104
1951-08-01,0.846
1951-09-01,-0.222
1951-10-01,-0.134
1951-11-01,-0.965
1951-12-01,2.544
1952-01-01,0.919
1952-02-01,0.146
1952-03-01,-1.141
1952-04-01,2.789
1952-05-01,-0.945
1952-06-01,0.019
1952-07-01,-0.792
1952-08-01,-1.054
1952-09-01,-3.016
1952-10-01,0.415
1952-11-01,-1.506
1952-12-01,-0.309
1953-01-01,-0.024
1953-02-01,0.536
1953-03-01,1.251
1953-04-01,-1.596
1953-05-01,-0.746
1953-06-01,-2.964
1953-07-01,0.126
1953-08-01,3.26
1953-09-01,0.747
1953-10-01,0.768
1953-11-01,3.25
1953-12-01,0.152
1954-01-01,0.098
1954-02-01,0.574
1954-03-01,-0.293
1954-04-01,-0.265
1954-05-01,-0.909
1954-06-01,-0.942
1954-07-01,0.877
1954-08-01,-0.594
1954-09-01,2.493
1954-10-01,2.092
1954-11-01,1.537
1954-12-01,1.444
1955-01-01,-1.17
1955-02-01,-2.214
1955-03-01,-2.896
1955-04-01,2.398
1955-05-01,0.333
1955-06-01,-0.182
1955-07-01,-1.325
1955-08-01,0.539
1955-09-01,0.823
1955-10-01,-2.353
1955-11-01,-2.14
1955-12-01,0.51
1956-01-01,-0.757
1956-02-01,-2.957
1956-03-01,0.01
1956-04-01,-1.904
1956-05-01,4.544
1956-06-01,1.263
1956-07-01,0.353
1956-08-01,-3.149
1956-09-01,-0.511
1956-10-01,1.235
1956-11-01,1.387
1956-12-01,2.572
1957-01-01,2.533
1957-02-01,1.076
1957-03-01,0.419
1957-04-01,-0.619
1957-05-01,-0.836
1957-06-01,-0.803
1957-07-01,-0.482
1957-08-01,0.704
1957-09-01,-1.556
1957-10-01,1.072
1957-11-01,-1.585
1957-12-01,-0.12
1958-01-01,0.371
1958-02-01,-0.028
1958-03-01,-1.278
1958-04-01,1.793
1958-05-01,1.101
1958-06-01,-1.437
1958-07-01,-0.203
1958-08-01,0.98
1958-09-01,-0.234
1958-10-01,1.647
1958-11-01,0.426
1958-12-01,-1.696
1959-01-01,-1.149
1959-02-01,2.461
1959-03-01,1.818
1959-04-01,1.509
1959-05-01,-2.218
1959-06-01,1.507
1959-07-01,0.293
1959-08-01,0.018
1959-09-01,-1.809
1959-10-01,1.507
1959-11-01,-0.039
1959-12-01,1.981
1960-01-01,-0.7
1960-02-01,-0.999
1960-03-01,-0.874
1960-04-01,1.928
1960-05-01,0.066
1960-06-01,-0.408
1960-07-01,0.182
1960-08-01,-1.839
1960-09-01,0.235
1960-10-01,-3.083
1960-11-01,1.402
1960-12-01,0.456
1961-01-01,1.465
1961-02-01,4.063
1961-03-01,2.082
1961-04-01,0.713
1961-05-01,-0.941
1961-06-01,2.128
1961-07-01,0.631
1961-08-01,3.382
1961-09-01,2.005
1961-10-01,1.003
1961-11-01,-2.154
1961-12-01,-1.723
1962-01-01,2.442
1962-02-01,0.773
1962-03-01,-3.776
1962-04-01,0.741
1962-05-01,-0.101
1962-06-01,1.407
1962-07-01,-2.099
1962-08-01,2.279
1962-09-01,0.022
1962-10-01,-0.344
1962-11-01,-2.234
1962-12-01,-0.661
1963-01-01,-4.085
1963-02-01,-1.903
1963-03-01,2.788
1963-04-01,-0.461
1963-05-01,1.907
1963-06-01,-1.77
1963-07-01,-0.653
1963-08-01,-0.962
1963-09-01,0.939
1963-10-01,2.79
1963-11-01,-0.153
1963-12-01,-3.088
1964-01-01,0.932
1964-02-01,-0.132
1964-03-01,-0.768
1964-04-01,0.95
1964-05-01,2.513
1964-06-01,-1.852
1964-07-01,2.439
1964-08-01,-2.463
1964-09-01,0.5
1964-10-01,0.635
1964-11-01,1.332
1964-12-01,-1.239
1965-01-01,0.01
1965-02-01,-3.027
1965-03-01,0.234
1965-04-01,2.137
1965-05-01,-0.082
1965-06-01,0.873
1965-07-01,-1.71
1965-08-01,1.593
1965-09-01,-1.011
1965-10-01,-1.258
1965-11-01,-1.784
1965-12-01,1.236
1966-01-01,-1.009
1966-02-01,-0.376
1966-03-01,1.047
1966-04-01,1.183
1966-05-01,1.506
1966-06-01,0.823
1966-07-01,-1.992
1966-08-01,-2.034
1966-09-01,-0.469
1966-10-01,-2.893
1966-11-01,-0.074
1966-12-01,1.683
1967-01-01,0.041
1967-02-01,1.698
1967-03-01,3.002
1967-04-01,-0.764
1967-05-01,-0.457
1967-06-01,1.959
1967-07-01,1.438
1967-08-01,-0.41
1967-09-01,0.321
1967-10-01,1.336
1967-11-01,-0.906
1967-12-01,-0.527
1968-01-01,1.647
1968-02-01,-1.534
1968-03-01,0.343
1968-04-01,-0.707
1968-05-01,-1.504
1968-06-01,0.948
1968-07-01,-1.956
1968-08-01,-1.452
1968-09-01,0.5
1968-10-01,0.028
1968-11-01,-2.001
1968-12-01,-1.729
1969-01-01,-1.638
1969-02-01,-3.164
1969-03-01,-1.812
1969-04-01,1.113
1969-05-01,-0.227
1969-06-01,-1.174
1969-07-01,3.695
1969-08-01,-1.617
1969-09-01,0.385
1969-10-01,0.704
1969-11-01,-1.278
1969-12-01,-0.264
1970-01-01,-1.165
1970-02-01,1.101
1970-03-01,-1.78
1970-04-01,2.525
1970-05-01,1.867
1970-06-01,-0.106
1970-07-01,0.265
1970-08-01,-0.196
1970-09-01,0.47
1970-10-01,-0.0
1970-11-01,0.763
1970-12-01,-1.582
1971-01-01,-0.434
1971-02-01,1.213
1971-03-01,-1.756
1971-04-01,-3.152
1971-05-01,-0.616
1971-06-01,-1.325
1971-07-01,-1.038
1971-08-01,0.074
1971-09-01,-0.542
1971-10-01,1.628
1971-11-01,-1.461
1971-12-01,0.756
1972-01-01,-0.522
1972-02-01,-0.202
1972-03-01,0.262
1972-04-01,0.219
1972-05-01,1.235
1972-06-01,1.065
1972-07-01,0.408
1972-08-01,0.111
1972-09-01,-4.114
1972-10-01,-1.735
1972-11-01,0.643
1972-12-01,2.107
1973-01-01,1.373
1973-02-01,1.217
1973-03-01,1.037
1973-04-01,-2.606
1973-05-01,0.372
1973-06-01,0.83
1973-07-01,-1.853
1973-08-01,2.32
1973-09-01,-0.793
1973-10-01,-1.029
1973-11-01,-0.264
1973-12-01,-1.654
1974-01-01,3.749
1974-02-01,0.683
1974-03-01,-0.812
1974-04-01,-2.297
1974-05-01,-0.009
1974-06-01,-0.144
1974-07-01,2.074
1974-08-01,0.888
1974-09-01,0.115
1974-10-01,-1.44
1974-11-01,1.27
1974-12-01,3.061
1975-01-01,2.431
1975-02-01,0.397
1975-03-01,-1.256
1975-04-01,-0.845
1975-05-01,-2.423
1975-06-01,0.18
1975-07-01,0.631
1975-08-01,0.081
1975-09-01,1.749
1975-10-01,0.395
1975-11-01,0.86
1975-12-01,-1.572
1976-01-01,0.752
1976-02-01,1.295
1976-03-01,1.875
1976-04-01,-1.531
1976-05-01,1.199
1976-06-01,1.764
1976-07-01,-0.573
1976-08-01,0.624
1976-09-01,-3.464
1976-10-01,-0.635
1976-11-01,1.501
1976-12-01,-3.629
1977-01-01,-2.36
1977-02-01,0.278
1977-03-01,1.326
1977-04-01,1.073
1977-05-01,-1.618
1977-06-01,-0.887
1977-07-01,-1.138
1977-08-01,-1.422
1977-09-01,1.64
1977-10-01,0.451
1977-11-01,0.374
1977-12-01,-0.251
1978-01-01,0.455
1978-02-01,-1.992
1978-03-01,3.098
1978-04-01,-3.12
1978-05-01,0.371
1978-06-01,0.145
1978-07-01,-0.327
1978-08-01,0.046
1978-09-01,1.962
1978-10-01,0.019
1978-11-01,3.909
1978-12-01,-2.078
1979-01-01,-3.217
1979-02-01,-0.618
1979-03-01,0.544
1979-04-01,-0.787
1979-05-01,0.996
1979-06-01,0.446
1979-07-01,2.527
1979-08-01,-0.85
1979-09-01,1.124
1979-10-01,-1.949
1979-11-01,1.952
1979-12-01,2.075
1980-01-01,-1.803
1980-02-01,0.703
1980-03-01,-0.682
1980-04-01,0.032
1980-05-01,-2.264
1980-06-01,-0.205
1980-07-01,-0.907
1980-08-01,0.296
1980-09-01,1.716
1980-10-01,-0.869
1980-11-01,-2.062
1980-12-01,1.546
1981-01-01,1.005
1981-02-01,1.038
1981-03-01,0.01
1981-04-01,-3.036
1981-05-01,0.045
1981-06-01,-1.573
1981-07-01,1.74
1981-08-01,1.011
1981-09-01,0.268
1981-10-01,-1.058
1981-11-01,1.657
1981-12-01,-2.199
1982-01-01,-0.718
1982-02-01,2.254
1982-03-01,1.662
1982-04-01,-0.987
1982-05-01,1.099
1982-06-01,-1.86
1982-07-01,-0.653
1982-08-01,1.45
1982-09-01,1.079
1982-10-01,0.323
1982-11-01,1.712
1982-12-01,2.644
1983-01-01,4.824
1983-02-01,-1.25
1983-03-01,1.788
1983-04-01,-1.008
1983-05-01,-0.568
1983-06-01,0.543
1983-07-01,-0.752
1983-08-01,0.561
1983-09-01,-0.651
1983-10-01,2.059
1983-11-01,-2.281
1983-12-01,0.833
1984-01-01,2.534
1984-02-01,1.733
1984-03-01,-2.123
1984-04-01,0.328
1984-05-01,-2.344
1984-06-01,0.327
1984-07-01,0.933
1984-08-01,0.996
1984-09-01,-1.314
1984-10-01,1.664
1984-11-01,-1.165
1984-12-01,1.515
1985-01-01,-2.869
1985-02-01,-0.241
1985-03-01,0.069
1985-04-01,0.341
1985-05-01,-2.129
1985-06-01,-1.076
1985-07-01,1.092
1985-08-01,2.329
1985-09-01,0.003
1985-10-01,0.144
1985-11-01,-2.854
1985-12-01,-0.434
1986-01-01,1.456
1986-02-01,-4.023
1986-03-01,2.863
1986-04-01,-0.935
1986-05-01,2.158
1986-06-01,-1.288
1986-07-01,0.877
1986-08-01,-2.207
1986-09-01,-1.336
1986-10-01,2.272
1986-11-01,3.408
1986-12-01,3.423
1987-01-01,-2.116
1987-02-01,-0.237
1987-03-01,0.286
1987-04-01,2.593
1987-05-01,-0.813
1987-06-01,-0.577
1987-07-01,-1.245
1987-08-01,-2.99
1987-09-01,1.268
1987-10-01,-0.799
1987-11-01,-0.667
1987-12-01,-0.805
1988-01-01,0.528
1988-02-01,-0.107
1988-03-01,0.778
1988-04-01,-2.393
1988-05-01,-1.241
1988-06-01,-2.747
1988-07-01,1.462
1988-08-01,0.732
1988-09-01,0.804
1988-10-01,-2.021
1988-11-01,-1.474
1988-12-01,1.85
1989-01-01,3.535
1989-02-01,3.61
1989-03-01,2.449
1989-04-01,-0.478
1989-05-01,1.157
1989-06-01,-0.526
1989-07-01,0.576
1989-08-01,1.759
1989-09-01,-0.956
1989-10-01,0.875
1989-11-01,-2.972
1989-12-01,-2.232
1990-01-01,3.499
1990-02-01,5.112
1990-03-01,3.115
1990-04-01,1.77
1990-05-01,-1.195
1990-06-01,0.417
1990-07-01,1.43
1990-08-01,3.306
1990-09-01,-0.989
1990-10-01,-0.593
1990-11-01,-1.48
1990-12-01,0.343
1991-01-01,1.869
1991-02-01,-0.02
1991-03-01,-1.366
1991-04-01,1.485
1991-05-01,-0.041
1991-06-01,-0.315
1991-07-01,-0.279
1991-08-01,2.706
1991-09-01,-1.117
1991-10-01,-1.768
1991-11-01,1.676
1991-12-01,1.236
1992-01-01,0.645
1992-02-01,3.184
1992-03-01,1.659
1992-04-01,1.318
1992-05-01,0.795
1992-06-01,-1.74
1992-07-01,1.044
1992-08-01,3.969
1992-09-01,0.993
1992-10-01,-3.334
1992-11-01,4.521
1992-12-01,0.211
1993-01-01,3.909
1993-02-01,0.111
1993-03-01,1.472
1993-04-01,0.831
1993-05-01,-2.594
1993-06-01,0.161
1993-07-01,0.635
1993-08-01,0.751
1993-09-01,-2.603
1993-10-01,-4.129
1993-11-01,0.774
1993-12-01,2.174
1994-01-01,1.281
1994-02-01,0.072
1994-03-01,3.676
1994-04-01,1.377
1994-05-01,-1.435
1994-06-01,2.985
1994-07-01,-0.089
1994-08-01,-1.586
1994-09-01,-2.852
1994-10-01,-1.876
1994-11-01,1.682
1994-12-01,2.856
1995-01-01,2.696
1995-02-01,3.133
1995-03-01,1.057
1995-04-01,-1.809
1995-05-01,-0.364
1995-06-01,-3.359
1995-07-01,-0.959
1995-08-01,-1.331
1995-09-01,-1.546
1995-10-01,1.222
1995-11-01,-2.729
1995-12-01,-3.333
1996-01-01,-3.27
1996-02-01,-0.116
1996-03-01,-2.57
1996-04-01,-0.308
1996-05-01,-1.497
1996-06-01,1.426
1996-07-01,1.466
1996-08-01,-0.191
1996-09-01,-2.233
1996-10-01,-0.068
1996-11-01,-0.051
1996-12-01,-4.704
1997-01-01,-1.946
1997-02-01,5.258
1997-03-01,2.088
1997-04-01,-0.969
1997-05-01,-1.346
1997-06-01,-4.049
1997-07-01,1.18
1997-08-01,1.777
1997-09-01,-0.674
1997-10-01,-2.259
1997-11-01,-0.993
1997-12-01,-0.202
1998-01-01,-0.282
1998-02-01,2.437
1998-03-01,1.241
1998-04-01,-0.388
1998-05-01,-1.264
1998-06-01,-0.846
1998-07-01,-0.573
1998-08-01,1.797
1998-09-01,-3.479
1998-10-01,1.345
1998-11-01,1.126
1998-12-01,1.947
1999-01-01,0.902
1999-02-01,1.799
1999-03-01,-0.725
1999-04-01,0.429
1999-05-01,1.028
1999-06-01,1.385
1999-07-01,-1.845
1999-08-01,-3.671
1999-09-01,-0.512
1999-10-01,-0.691
1999-11-01,0.3
1999-12-01,2.128
2000-01-01,0.345
2000-02-01,4.374
2000-03-01,0.536
2000-04-01,-3.343
2000-05-01,0.312
2000-06-01,0.893
2000-07-01,-2.986
2000-08-01,0.782
2000-09-01,-1.098
2000-10-01,1.37
2000-11-01,-0.236
2000-12-01,-1.413
2001-01-01,0.019
2001-02-01,0.068
2001-03-01,-0.681
2001-04-01,1.244
2001-05-01,-0.095
2001-06-01,-1.329
2001-07-01,-1.122
2001-08-01,1.638
2001-09-01,-3.835
2001-10-01,0.876
2001-11-01,0.009
2001-12-01,-2.25
2002-01-01,2.313
2002-02-01,3.006
2002-03-01,0.09
2002-04-01,0.905
2002-05-01,-0.052
2002-06-01,0.898
2002-07-01,-0.709
2002-08-01,-0.61
2002-09-01,-3.579
2002-10-01,-1.502
2002-11-01,-0.274
2002-12-01,-0.984
2003-01-01,0.15
2003-02-01,1.339
2003-03-01,1.077
2003-04-01,-1.741
2003-05-01,1.166
2003-06-01,-0.855
2003-07-01,0.086
2003-08-01,-0.987
2003-09-01,0.349
2003-10-01,-3.681
2003-11-01,0.313
2003-12-01,-0.851
2004-01-01,0.197
2004-02-01,-1.233
2004-03-01,1.07
2004-04-01,1.081
2004-05-01,-0.667
2004-06-01,-0.385
2004-07-01,-0.295
2004-08-01,-0.757
2004-09-01,2.509
2004-10-01,-2.178
2004-11-01,-0.545
2004-12-01,1.27
2005-01-01,1.824
2005-02-01,-2.246
2005-03-01,-1.294
2005-04-01,0.712
2005-05-01,-0.13
2005-06-01,-1.005
2005-07-01,-0.084
2005-08-01,0.938
2005-09-01,0.501
2005-10-01,-0.454
2005-11-01,-1.014
2005-12-01,-0.814
2006-01-01,-0.1
2006-02-01,-1.239
2006-03-01,-1.118
2006-04-01,0.572
2006-05-01,-0.221
2006-06-01,-0.414
2006-07-01,0.83
2006-08-01,-2.47
2006-09-01,-1.022
2006-10-01,-1.972
2006-11-01,2.004
2006-12-01,3.031
2007-01-01,1.763
2007-02-01,0.42
2007-03-01,2.029
2007-04-01,-0.099
2007-05-01,0.623
2007-06-01,-3.339
2007-07-01,-1.054
2007-08-01,-3.406
2007-09-01,-1.181
2007-10-01,-0.024
2007-11-01,-1.668
2007-12-01,1.358
2008-01-01,1.85
2008-02-01,1.79
2008-03-01,0.372
2008-04-01,-2.022
2008-05-01,-3.258
2008-06-01,-1.62
2008-07-01,-1.134
2008-08-01,-0.208
2008-09-01,-2.067
2008-10-01,0.009
2008-11-01,-1.296
2008-12-01,-0.577
2009-01-01,0.597
2009-02-01,-1.428
2009-03-01,0.151
2009-04-01,1.736
2009-05-01,1.517
2009-06-01,-3.051
2009-07-01,-0.919
2009-08-01,1.065
2009-09-01,-0.634
2009-10-01,-1.53
2009-11-01,1.684
2009-12-01,-3.73
2010-01-01,-2.379
2010-02-01,-3.924
2010-03-01,-0.801
2010-04-01,-1.03
2010-05-01,-1.658
2010-06-01,-3.653
2010-07-01,0.062
2010-08-01,-2.015
2010-09-01,-2.382
2010-10-01,-2.411
2010-11-01,-3.344
2010-12-01,-4.605
2011-01-01,-1.378
2011-02-01,2.791
2011-03-01,-0.17
2011-04-01,2.394
2011-05-01,1.084
2011-06-01,-1.577
2011-07-01,-3.391
2011-08-01,-2.414
2011-09-01,2.967
2011-10-01,1.306
2011-11-01,0.743
2011-12-01,3.196
2012-01-01,2.054
2012-02-01,1.279
2012-03-01,1.784
2012-04-01,-2.358
2012-05-01,-0.828
2012-06-01,-2.576
2012-07-01,-1.313
2012-08-01,-0.435
2012-09-01,-1.439
2012-10-01,-3.207
2012-11-01,-1.108
2012-12-01,0.599
2013-01-01,1.084
2013-02-01,-0.264
2013-03-01,-3.745
2013-04-01,0.032
2013-05-01,1.231
2013-06-01,1.405
2013-07-01,2.519
2013-08-01,2.159
2013-09-01,-0.568
2013-10-01,-0.362
2013-11-01,0.043
2013-12-01,3.543
2014-01-01,0.71
2014-02-01,2.316
2014-03-01,1.637
2014-04-01,0.837
2014-05-01,-0.077
2014-06-01,-1.982
2014-07-01,0.909
2014-08-01,-1.136
2014-09-01,-2.096
2014-10-01,0.308
2014-11-01,-2.17
2014-12-01,1.886
2015-01-01,2.812
2015-02-01,1.471
2015-03-01,1.986
2015-04-01,1.034
2015-05-01,2.089
2015-06-01,0.28
2015-07-01,-2.155
2015-08-01,1.474
2015-09-01,-1.648
2015-10-01,-1.131
2015-11-01,3.541
2015-12-01,4.218
2016-01-01,1.165
2016-02-01,1.609
2016-03-01,0.328
2016-04-01,-2.06
2016-05-01,-0.825
2016-06-01,-1.272
2016-07-01,2.185
2016-08-01,2.137
2016-09-01,2.446
2016-10-01,-1.468
2016-11-01,-1.61
2016-12-01,2.099
2017-01-01,0.172
2017-02-01,1.379
2017-03-01,1.05
2017-04-01,1.504
2017-05-01,0.383
2017-06-01,-0.55
2017-07-01,0.102
2017-08-01,-0.037
2017-09-01,1.425
2017-10-01,1.361
2017-11-01,-0.901
2017-12-01,1.0
2018-01-01,1.819
2018-02-01,-0.098
2018-03-01,-1.124
2018-04-01,2.373
2018-05-01,2.009
2018-06-01,-1.397
2018-07-01,3.831
2018-08-01,1.255
2018-09-01,0.446
2018-10-01,-1.175
2018-11-01,-1.281
2018-12-01,1.931
2019-01-01,-0.358
2019-02-01,1.896
2019-03-01,2.392
2019-04-01,1.704
2019-05-01,2.046
2019-06-01,-2.825
2019-07-01,-2.787
2019-08-01,0.101
2019-09-01,-0.324
2019-10-01,-1.106
2019-11-01,-1.842
2019-12-01,0.743
2020-01-01,3.115
2020-02-01,4.697
2020-03-01,0.359
2020-04-01,-0.706
2020-05-01,-0.088
2020-06-01,-1.523
2020-07-01,-1.229
2020-08-01,-1.362
2020-09-01,0.487
2020-10-01,-0.188
2020-11-01,1.247
2020-12-01,-0.78
2021-01-01,-1.568
2021-02-01,0.497
2021-03-01,0.716
2021-04-01,-3.309
2021-05-01,-0.337
2021-06-01,0.347
2021-07-01,-1.587
2021-08-01,-2.444
2021-09-01,-0.158
2021-10-01,0.495
2021-11-01,-1.101
2021-12-01,0.374
2022-01-01,1.462
2022-02-01,3.34
2022-03-01,-0.335
2022-04-01,-2.3
2022-05-01,2.072
2022-06-01,-0.337
2022-07-01,0.599
2022-08-01,-1.699
2022-09-01,-3.731
2022-10-01,0.859
2022-11-01,2.372
2022-12-01,-3.06
2023-01-01,1.206
2023-02-01,1.298
2023-03-01,-0.595
2023-04-01,-0.698
2023-05-01,0.044
2023-06-01,-2.899
2023-07-01,-1.766
2023-08-01,-1.754
2023-09-01,-0.653
2023-10-01,-1.229
2023-11-01,-0.427
2023-12-01,0.671
